Name,Markers
Train 10_mono_16000.wav,"[0.729, 1.4, 1, 2.161, 3.239, 2, 3.875, 4.593, 1, 5.250, 6.141, 2, 6.828, 7.625, 1, 8.270, 9.601, 2, 9.958, 10.774, 1, 11.214, 11.941, 2, 12.806, 13.403, 1, 14.185, 14.750, 2, 15.681, 16.011, 1, 17.280, 18.021, 2, 18.934, 19.648, 1, 20.403, 21.125, 2]"
Train 11_mono_16000.wav,"0.750, 2.278, 1, 2.500, 3.500, 2, 4.227, 4.853, 1, 5.625, 6.250, 2, 7.391, 8.125, 1, 8.825, 9.519, 2, 10.486, 11.440, 1, 11.934, 12.792, 2, 13.307, 13.875, 1, 14.583, 15.345, 2"
Train 12_mono_16000.WAV,"0.213, 1.577, 1, 1.827, 3.471, 2, 3.861, 5.417, 1, 6.045, 7.515, 2, 8.195, 9.787, 1, 10.375, 12.410, 2"
Train 13_mono_16000.wav,"0.475, 1.220, 1, 1.420, 2.333, 2, 2.900, 3.750, 1, 4.042, 4.689, 2, 5.530, 6.125, 1, 6.417, 7.108, 2, 7.875, 8.588, 1, 8.875, 9.771, 2, 10.412, 11.100, 1, 11.407, 12.208, 2, 13.030, 13.978, 1, 14.625, 15.708, 2, 16.449, 17.217, 1, 17.417, 18.212, 2, 19.040, 19.761, 1, 19.908, 20.610, 2, 21.411, 22.062, 1, 22.219, 22.812, 2, 23.687, 24.396, 1, 24.523, 25.091, 2, 26.079, 26.660, 1, 26.914, 27.669, 2, 28.270, 28.884, 1, 29.138, 29.732, 2, 30.520, 31.208, 1, 31.437, 32.023, 2, 32.791, 33.412, 1, 33.688, 34.367, 2, 35.115, 35.856, 1, 36.010, 36.813, 2, 37.313, 38.074, 1, 38.281, 38.949, 2, 39.510, 40.144, 1, 40.411, 41.159, 2, 41.640, 42.368, 1, 42.875, 43.750, 2, 44.365, 44.966, 1, 45.393, 46.281, 2, 46.842, 47.403, 1, 47.797, 48.500, 2, 49.233, 49.921, 1, 50.741, 51.404, 2, 52.082, 52.443, 1, 52.500, 53.021, 2, 53.946, 54.322, 1, 54.750, 55.304, 2, 56.172, 56.546, 1, 57.020, 57.563, 2, 58.530, 58.813, 1, 59.204, 59.865, 2, 60.600, 61.125, 1, 61.455, 62.350, 2, 62.797, 63.271, 1, 63.672, 64.375, 2, 65.095, 66.250, 1, 66.550, 67.298, 2, 68.454, 69.500, 1, 69.938, 71.225, 2, 71.826, 73.042, 1, 73.313, 74.398, 2, 75.092, 75.927, 1, 76.281, 77.390, 2, 77.971, 78.759, 1, 79.133, 79.914, 2, 80.595, 81.210, 1, 81.483, 82.385, 2, 83.188, 83.641, 1, 83.981, 84.602, 2, 85.637, 86.031, 1, 86.519, 87.153, 2, 88.102, 88.830, 1, 89.638, 90.625, 2, 91.114, 91.969, 1, 92.596, 93.563, 2, 94.326, 95.274, 1, 95.775, 96.677, 2, 98.346, 99.048, 1, 99.563, 100.577, 2, 101.205, 101.938, 1, 102.207, 103.028, 2, 103.970, 104.584, 1, 104.918, 105.739, 2, 106.474, 107.095, 1, 107.356, 108.104, 2, 108.813, 109.352, 1, 109.750, 110.361, 2, 111.176, 111.670, 1, 112.063, 112.625, 2, 113.453, 114.125, 1, 114.448, 115.016, 2, 115.543, 116.672, 1, 117.046, 117.774, 2, 118.642, 119.417, 1, 120.031, 120.679, 2"
Train 14_mono_16000.wav,"0.476, 1.341, 1, 1.826, 2.709, 2, 3.652, 4.223, 1, 4.890, 5.569, 2, 6.516, 7.016, 1, 7.735, 8.269, 2, 9.835, 10.508, 1, 11.219, 11.947, 2, 12.981, 13.507, 1, 14.181, 14.827, 2, 16.231, 16.674, 1, 17.201, 17.754, 2, 18.424, 18.639, 1, 19.928, 20.459, 2, 21.723, 22.199, 1, 22.718, 23.479, 2, 25.312, 26.042, 1, 26.777, 27.437, 2, 29.728, 30.360, 1, 31.355, 32.108, 2, 34.220, 35.033, 1, 36.063, 36.825, 2, 37.915, 38.677, 1, 39.776, 40.438, 2, 41.792, 42.355, 1, 43.500, 44.375, 2, 45.488, 46.293, 1, 47.089, 48.063, 2, 49.027, 49.789, 1, 50.563, 51.375, 2, 52.299, 53.026, 1"
Train 16(edit).WAV,"0.500, 1.922, 1, 2.453, 4.192, 2, 6.375, 7.394, 1, 8.362, 9.395, 2, 13.194, 14.219, 2, 17.375, 18.546, 2, 20.108, 20.625, 1, 21.206, 22.475, 2, 23.947, 24.273, 1, 25.125, 26.500, 2, 27.339, 27.762, 1, 28.500, 29.389, 2, 30.048, 30.772, 1, 31.375, 31.992, 2, 32.814, 33.513, 1, 34.261, 35.457, 2, 36.018, 36.625, 1, 37.198, 38.345, 2, 39.134, 39.646, 1, 40.988, 42.046, 2, 43.079, 43.974, 1, 44.909, 45.958, 2, 46.853, 47.537, 1, 48.976, 49.814, 2, 51.221, 52.051, 1, 52.588, 53.263, 2, 55.427, 56.086, 1, 56.625, 57.420, 2"
Train 17.wav,"0.061, 0.853, 1, 0.989, 1.743, 2, 2.431, 3.065, 1, 3.204, 3.757, 2, 4.602, 5.733, 1, 6.034, 7.359, 2, 7.855, 8.847, 1, 8.961, 9.555, 2, 10.010, 10.977, 1, 11.255, 12.360, 2, 12.889, 13.710, 1, 14.304, 15.310, 2, 16.307, 17.108, 1, 17.654, 18.647, 2, 19.275, 20.121, 1, 20.523, 21.516, 2, 22.616, 23.766, 1, 24.422, 25.444, 2, 26.856, 27.829, 1, 28.761, 29.816, 2, 30.994, 31.893, 1, 33.112, 34.302, 2, 35.123, 35.879, 1, 36.523, 37.519, 2, 37.900, 38.559, 1, 39.339, 40.154, 2, 40.575, 41.217, 1, 41.829, 42.713, 2, 42.973, 43.759, 1, 44.048, 45.070, 2, 45.232, 46.076, 1, 46.203, 47.341, 2, 47.589, 48.352, 1, 48.704, 49.640, 2, 50.675, 51.200, 1, 51.478, 52.252, 2, 52.824, 53.332, 1, 53.633, 54.268, 2, 54.979, 55.557, 1, 55.747, 56.400, 2, 57.169, 57.688, 1, 57.885, 58.451, 2, 59.277, 59.728, 1, 60.005, 60.525, 2, 61.507, 62.010, 1, 62.357, 62.727, 2, 63.403, 64.275, 1, 64.633, 65.581, 2, 66.257, 66.886, 1, 67.152, 67.921, 2, 68.654, 69.088, 1, 69.544, 70.133, 2, 71.012, 71.578, 1, 72.242, 72.803, 2, 74.056, 74.732, 1, 75.680, 76.535, 2, 77.563, 78.522, 1, 79.112, 80.001, 2, 81.533, 82.382, 1, 83.139, 83.994, 2, 84.987, 85.588, 1, 86.074, 86.784, 2, 87.998, 88.535, 1, 89.055, 89.823, 2, 90.858, 91.568, 1, 91.949, 92.770, 2, 93.995, 94.624, 1, 94.965, 95.780, 2, 96.872, 97.421, 1, 97.900, 98.490, 2, 99.472, 100.015, 1, 100.310, 100.968, 2, 102.147, 102.592, 1, 102.962, 103.406, 2, 104.729, 105.232, 1, 105.608, 106.041, 2, 107.560, 108.011, 1, 108.600, 109.288, 2, 110.010, 110.565, 1, 110.888, 111.639, 2, 112.408, 112.882, 1, 113.234, 113.910, 2, 114.673, 115.164, 1, 115.476, 116.042, 2"
Train 18.WAV,"0.382, 1.650, 1, 2.016, 3.814, 2, 4.423, 5.830, 1, 6.416, 7.880, 2, 8.725, 9.848, 1, 10.710, 11.995, 2, 13.027, 14.646, 1, 15.589, 16.955, 2, 17.939, 19.403, 1, 20.655, 22.220, 2, 23.453, 25.055, 1, 26.161, 27.397, 2, 28.609, 30.072, 1, 31.048, 32.350, 2, 33.415, 34.496, 1, 35.407, 36.538, 2, 37.733, 38.717, 1, 39.555, 40.620, 2, 41.563, 42.799, 1, 43.523, 44.532, 2"
Train 19.WAV,"0.263, 1.244, 1, 2.016, 3.521, 2, 4.407, 6.448, 1, 6.790, 8.685, 2, 9.189, 10.726, 1, 11.808, 13.182, 2, 14.011, 15.337, 1, 16.044, 17.248, 2, 18.297, 19.655, 1, 20.026, 21.011, 2, 21.910, 22.895, 1, 23.487, 24.492, 2, 25.481, 26.475, 1, 26.893, 27.731, 2, 28.768, 29.886, 1, 30.485, 31.265, 2, 32.283, 33.190, 1, 33.986, 35.090, 2, 36.186, 37.213, 1, 38.070, 39.019, 2, 40.004, 40.944, 1, 41.695, 42.557, 2, 43.620, 44.367, 1, 45.336, 46.169, 2, 47.138, 48.143, 1, 49.564, 50.520, 2"
Train 20.wav,"1.064, 2.426, 1, 3.021, 4.200, 2, 5.917, 7.154, 1, 8.069, 9.443, 2, 11.103, 12.556, 1, 13.312, 14.869, 2, 16.402, 17.856, 1, 18.669, 19.928, 2, 21.416, 22.469, 1, 23.200, 24.160, 2, 25.445, 26.730, 1, 27.283, 28.365, 2, 30.081, 31.300, 1, 31.666, 32.715, 2, 35.741, 37.123, 1, 37.424, 38.497, 2, 40.140, 41.425, 1, 42.019, 43.043, 2, 45.003, 46.020, 1, 46.687, 47.435, 2, 49.460, 50.411, 1, 51.168, 52.208, 2, 54.128, 55.242, 1, 55.892, 56.567, 2, 59.919, 61.756, 1, 62.438, 64.535, 2"
Train 21.WAV,"4.350, 5.838, 1, 6.289, 7.750, 2, 9.384, 10.571, 1, 11.564, 12.653, 2, 14.524, 15.589, 1, 16.809, 17.663, 2, 19.419, 20.509, 1, 21.574, 22.867, 2, 24.299, 25.543, 1, 26.267, 27.511, 2, 29.446, 30.447, 1, 31.284, 32.358, 2, 33.976, 35.098, 1, 35.796, 36.777, 2, 38.621, 39.663, 1, 40.562, 41.354, 2, 43.140, 44.141, 1, 45.217, 46.403, 2, 47.987, 49.063, 1, 49.580, 50.458, 2, 52.207, 53.211, 1, 53.910, 54.857, 2, 57.192, 58.492, 1, 59.098, 60.381, 2, 61.964, 63.067, 1, 63.790, 64.812, 2, 66.095, 67.233, 1, 68.025, 69.290, 2"
Train 1_mono_16000.wav,"0.492, 1.187, 1, 1.988, 2.774, 2, 3.766, 4.318, 1, 5.113, 5.710, 2, 6.755, 7.369, 1, 7.851, 8.500, 2, 9.661, 10.188, 1, 10.62, 11.341, 2, 12.322, 12.854, 1, 13.305, 14.083, 2, 15.433, 16.007, 1, 16.907, 17.726, 2, 18.831, 19.445, 1, 20.592, 21.288, 2, 22.843, 23.457, 1, 24.153, 24.89, 2, 25.913, 26.487, 1, 27.183, 27.919, 2, 29.373, 29.762, 1, 30.314, 31.031, 2, 32.504, 33.18, 1, 33.937, 34.715, 2, 35.82, 36.23, 1, 37.089, 37.867, 2, 39.054, 39.628, 1, 40.17, 40.856, 2"
Train 2_mono_16000.wav,"[0.391, 1.712, 1, 2.125, 3.625, 2, 4.461, 5.107, 1, 5.722, 6.699, 2, 7.600, 8.276, 1, 8.771, 9.282, 2, 10.799, 11.460, 1, 11.700, 12.556, 2, 13.457, 14.058, 1, 14.250, 15.040, 2, 16.250, 17.125, 1, 17.500, 18.098, 2, 19.165, 20.125, 1, 20.336, 21.222, 2, 22.125, 22.844, 1, 23.085, 23.875, 2, 24.827, 25.578, 1, 25.833, 26.644, 2, 27.906, 28.642, 1, 29.125, 30.024, 2, 30.699, 31.270, 1, 31.781, 32.472, 2, 33.268, 34.125, 1, 34.469, 35.445, 2]"
Train 3_mono_16000.wav,"[0.694, 1.382, 1, 1.813, 2.603, 2, 3.638, 4.399, 1, 4.759, 5.500, 2, 6.521, 7.049, 1, 7.500, 8.457, 2, 9.719, 10.266, 1, 10.767, 11.401, 2, 12.235, 12.875, 1, 13.517, 13.964, 2, 14.898, 15.306, 1, 15.779, 16.240, 2, 17.108, 17.562, 1, 17.882, 18.596, 2, 19.491, 19.851, 1, 20.305, 20.886, 2, 21.894, 22.521, 1, 22.862, 23.369, 2, 24.187, 24.851, 1, 25.338, 26.079, 2]"
Train 4_mono_16000.wav,"[0.414, 1.201, 1, 1.642, 3.204, 2, 3.918, 4.773, 1, 5.513, 6.588, 2, 7.483, 8.103, 1, 8.851, 10.086, 2, 11.125, 11.813, 1, 12.382, 13.125, 2, 14.258, 14.965, 1, 16.026, 17.014, 2, 18.489, 19.137, 1, 19.784, 20.479, 2, 21.473, 21.980, 1, 22.675, 23.235, 2, 24.650, 25.312, 1, 25.839, 26.750, 2, 27.708, 28.322, 1, 29.016, 29.710, 2, 30.678, 31.250, 1, 31.766, 32.625, 2, 33.702, 34.015, 1, 34.616, 35.270, 2, 36.813, 37.426, 1, 37.680, 38.188, 2, 39.208, 39.883, 1, 40.116, 40.737, 2, 41.805, 42.313, 1, 42.659, 43.250, 2, 44.014, 44.662, 1, 45.063, 45.797, 2, 46.838, 47.545, 1, 48.019, 48.540, 2, 49.575, 50.355, 1, 50.616, 51.090, 2]"
Train 6_mono_16000.WAV,"0.113, 0.625, 1, 1.027, 1.782, 2, 2.357, 2.817, 1, 3.275, 4.046, 2, 4.749, 5.250, 1, 5.556, 6.293, 2, 7.030, 8.679, 1, 9.098, 10.220, 2"
Train 7_mono_16000.WAV,"0.827, 1.219, 1, 1.510, 2.241, 2, 3.296, 3.960, 1, 4.707, 5.418, 1, 6.491, 7.399, 1, 7.860, 8.657, 2, 9.530, 9.961, 1, 10.680, 11.463, 2, 12.182, 13.018, 1, 13.404, 14.186, 2"
Train 8_mono_16000.wav,"1.000, 1.677, 2, 2.000, 2.936, 1, 2.995, 3.755, 2"
Train 9_mono_16000.WAV,"[0.030, 1.556, 1, 1.801, 3.227, 2, 3.971, 5.026, 1, 5.404, 6.533, 2, 7.246, 8.351, 1, 8.802, 9.989, 2]"
Train 10_mono_16000_1.345.wav,"2.074, 2.745, 1.0, 3.506, 4.584, 2.0, 5.22, 5.938, 1.0, 6.595, 7.486, 2.0, 8.173, 8.97, 1.0, 9.615, 10.946, 2.0, 11.303, 12.119, 1.0, 12.559, 13.286, 2.0, 14.151, 14.748, 1.0, 15.53, 16.095, 2.0, 17.026, 17.356, 1.0, 18.625, 19.366, 2.0, 20.279, 20.993, 1.0, 21.748, 22.47, 2.0"
Train 11_mono_16000_1.345.wav,"2.095, 3.623, 1.0, 3.845, 4.845, 2.0, 5.572, 6.198, 1.0, 6.97, 7.595, 2.0, 8.736, 9.47, 1.0, 10.17, 10.864, 2.0, 11.831, 12.785, 1.0, 13.279, 14.137, 2.0, 14.652, 15.22, 1.0, 15.928, 16.69, 2.0"
Train 12_mono_16000_1.345.WAV,"1.558, 2.922, 1.0, 3.172, 4.816, 2.0, 5.206, 6.762, 1.0, 7.39, 8.86, 2.0, 9.54, 11.132, 1.0, 11.72, 13.755, 2.0"
Train 13_mono_16000_1.345.wav,"1.82, 2.565, 1.0, 2.765, 3.678, 2.0, 4.245, 5.095, 1.0, 5.387, 6.034, 2.0, 6.875, 7.47, 1.0, 7.762, 8.453, 2.0, 9.22, 9.933, 1.0, 10.22, 11.116, 2.0, 11.757, 12.445, 1.0, 12.752, 13.553, 2.0, 14.375, 15.323, 1.0, 15.97, 17.053, 2.0, 17.794, 18.562, 1.0, 18.762, 19.557, 2.0, 20.385, 21.106, 1.0, 21.253, 21.955, 2.0, 22.756, 23.407, 1.0, 23.564, 24.157, 2.0, 25.032, 25.741, 1.0, 25.868, 26.436, 2.0, 27.424, 28.005, 1.0, 28.259, 29.014, 2.0, 29.615, 30.229, 1.0, 30.483, 31.077, 2.0, 31.865, 32.553, 1.0, 32.782, 33.368, 2.0, 34.136, 34.757, 1.0, 35.033, 35.712, 2.0, 36.46, 37.201, 1.0, 37.355, 38.158, 2.0, 38.658, 39.419, 1.0, 39.626, 40.294, 2.0, 40.855, 41.489, 1.0, 41.756, 42.504, 2.0, 42.985, 43.713, 1.0, 44.22, 45.095, 2.0, 45.71, 46.311, 1.0, 46.738, 47.626, 2.0, 48.187, 48.748, 1.0, 49.142, 49.845, 2.0, 50.578, 51.266, 1.0, 52.086, 52.749, 2.0, 53.427, 53.788, 1.0, 53.845, 54.366, 2.0, 55.291, 55.667, 1.0, 56.095, 56.649, 2.0, 57.517, 57.891, 1.0, 58.365, 58.908, 2.0, 59.875, 60.158, 1.0, 60.549, 61.21, 2.0, 61.945, 62.47, 1.0, 62.8, 63.695, 2.0, 64.142, 64.616, 1.0, 65.017, 65.72, 2.0, 66.44, 67.595, 1.0, 67.895, 68.643, 2.0, 69.799, 70.845, 1.0, 71.283, 72.57, 2.0, 73.171, 74.387, 1.0, 74.658, 75.743, 2.0, 76.437, 77.272, 1.0, 77.626, 78.735, 2.0, 79.316, 80.104, 1.0, 80.478, 81.259, 2.0, 81.94, 82.555, 1.0, 82.828, 83.73, 2.0, 84.533, 84.986, 1.0, 85.326, 85.947, 2.0, 86.982, 87.376, 1.0, 87.864, 88.498, 2.0, 89.447, 90.175, 1.0, 90.983, 91.97, 2.0, 92.459, 93.314, 1.0, 93.941, 94.908, 2.0, 95.671, 96.619, 1.0, 97.12, 98.022, 2.0, 99.691, 100.393, 1.0, 100.908, 101.922, 2.0, 102.55, 103.283, 1.0, 103.552, 104.373, 2.0, 105.315, 105.929, 1.0, 106.263, 107.084, 2.0, 107.819, 108.44, 1.0, 108.701, 109.449, 2.0, 110.158, 110.697, 1.0, 111.095, 111.706, 2.0, 112.521, 113.015, 1.0, 113.408, 113.97, 2.0, 114.798, 115.47, 1.0, 115.793, 116.361, 2.0, 116.888, 118.017, 1.0, 118.391, 119.119, 2.0, 119.987, 120.762, 1.0, 121.376, 122.024, 2.0"
Train 14_mono_16000_1.345.wav,"1.821, 2.686, 1.0, 3.171, 4.054, 2.0, 4.997, 5.568, 1.0, 6.235, 6.914, 2.0, 7.861, 8.361, 1.0, 9.08, 9.614, 2.0, 11.18, 11.853, 1.0, 12.564, 13.292, 2.0, 14.326, 14.852, 1.0, 15.526, 16.172, 2.0, 17.576, 18.019, 1.0, 18.546, 19.099, 2.0, 19.769, 19.984, 1.0, 21.273, 21.804, 2.0, 23.068, 23.544, 1.0, 24.063, 24.824, 2.0, 26.657, 27.387, 1.0, 28.122, 28.782, 2.0, 31.073, 31.705, 1.0, 32.7, 33.453, 2.0, 35.565, 36.378, 1.0, 37.408, 38.17, 2.0, 39.26, 40.022, 1.0, 41.121, 41.783, 2.0, 43.137, 43.7, 1.0, 44.845, 45.72, 2.0, 46.833, 47.638, 1.0, 48.434, 49.408, 2.0, 50.372, 51.134, 1.0, 51.908, 52.72, 2.0, 53.644, 54.371, 1.0"
Train 16(edit)_1.345.WAV,"1.845, 3.267, 1.0, 3.798, 5.537, 2.0, 7.72, 8.739, 1.0, 9.707, 10.74, 2.0, 14.539, 15.564, 2.0, 18.72, 19.891, 2.0, 21.453, 21.97, 1.0, 22.551, 23.82, 2.0, 25.292, 25.618, 1.0, 26.47, 27.845, 2.0, 28.684, 29.107, 1.0, 29.845, 30.734, 2.0, 31.393, 32.117, 1.0, 32.72, 33.337, 2.0, 34.159, 34.858, 1.0, 35.606, 36.802, 2.0, 37.363, 37.97, 1.0, 38.543, 39.69, 2.0, 40.479, 40.991, 1.0, 42.333, 43.391, 2.0, 44.424, 45.319, 1.0, 46.254, 47.303, 2.0, 48.198, 48.882, 1.0, 50.321, 51.159, 2.0, 52.566, 53.396, 1.0, 53.933, 54.608, 2.0, 56.772, 57.431, 1.0, 57.97, 58.765, 2.0"
Train 17_1.345.wav,"1.406, 2.198, 1.0, 2.334, 3.088, 2.0, 3.776, 4.41, 1.0, 4.549, 5.102, 2.0, 5.947, 7.078, 1.0, 7.379, 8.704, 2.0, 9.2, 10.192, 1.0, 10.306, 10.9, 2.0, 11.355, 12.322, 1.0, 12.6, 13.705, 2.0, 14.234, 15.055, 1.0, 15.649, 16.655, 2.0, 17.652, 18.453, 1.0, 18.999, 19.992, 2.0, 20.62, 21.466, 1.0, 21.868, 22.861, 2.0, 23.961, 25.111, 1.0, 25.767, 26.789, 2.0, 28.201, 29.174, 1.0, 30.106, 31.161, 2.0, 32.339, 33.238, 1.0, 34.457, 35.647, 2.0, 36.468, 37.224, 1.0, 37.868, 38.864, 2.0, 39.245, 39.904, 1.0, 40.684, 41.499, 2.0, 41.92, 42.562, 1.0, 43.174, 44.058, 2.0, 44.318, 45.104, 1.0, 45.393, 46.415, 2.0, 46.577, 47.421, 1.0, 47.548, 48.686, 2.0, 48.934, 49.697, 1.0, 50.049, 50.985, 2.0, 52.02, 52.545, 1.0, 52.823, 53.597, 2.0, 54.169, 54.677, 1.0, 54.978, 55.613, 2.0, 56.324, 56.902, 1.0, 57.092, 57.745, 2.0, 58.514, 59.033, 1.0, 59.23, 59.796, 2.0, 60.622, 61.073, 1.0, 61.35, 61.87, 2.0, 62.852, 63.355, 1.0, 63.702, 64.072, 2.0, 64.748, 65.62, 1.0, 65.978, 66.926, 2.0, 67.602, 68.231, 1.0, 68.497, 69.266, 2.0, 69.999, 70.433, 1.0, 70.889, 71.478, 2.0, 72.357, 72.923, 1.0, 73.587, 74.148, 2.0, 75.401, 76.077, 1.0, 77.025, 77.88, 2.0, 78.908, 79.867, 1.0, 80.457, 81.346, 2.0, 82.878, 83.727, 1.0, 84.484, 85.339, 2.0, 86.332, 86.933, 1.0, 87.419, 88.129, 2.0, 89.343, 89.88, 1.0, 90.4, 91.168, 2.0, 92.203, 92.913, 1.0, 93.294, 94.115, 2.0, 95.34, 95.969, 1.0, 96.31, 97.125, 2.0, 98.217, 98.766, 1.0, 99.245, 99.835, 2.0, 100.817, 101.36, 1.0, 101.655, 102.313, 2.0, 103.492, 103.937, 1.0, 104.307, 104.751, 2.0, 106.074, 106.577, 1.0, 106.953, 107.386, 2.0, 108.905, 109.356, 1.0, 109.945, 110.633, 2.0, 111.355, 111.91, 1.0, 112.233, 112.984, 2.0, 113.753, 114.227, 1.0, 114.579, 115.255, 2.0, 116.018, 116.509, 1.0, 116.821, 117.387, 2.0"
Train 18_1.345.WAV,"1.727, 2.995, 1.0, 3.361, 5.159, 2.0, 5.768, 7.175, 1.0, 7.761, 9.225, 2.0, 10.07, 11.193, 1.0, 12.055, 13.34, 2.0, 14.372, 15.991, 1.0, 16.934, 18.3, 2.0, 19.284, 20.748, 1.0, 22.0, 23.565, 2.0, 24.798, 26.4, 1.0, 27.506, 28.742, 2.0, 29.954, 31.417, 1.0, 32.393, 33.695, 2.0, 34.76, 35.841, 1.0, 36.752, 37.883, 2.0, 39.078, 40.062, 1.0, 40.9, 41.965, 2.0, 42.908, 44.144, 1.0, 44.868, 45.877, 2.0"
Train 19_1.345.WAV,"1.608, 2.589, 1.0, 3.361, 4.866, 2.0, 5.752, 7.793, 1.0, 8.135, 10.03, 2.0, 10.534, 12.071, 1.0, 13.153, 14.527, 2.0, 15.356, 16.682, 1.0, 17.389, 18.593, 2.0, 19.642, 21.0, 1.0, 21.371, 22.356, 2.0, 23.255, 24.24, 1.0, 24.832, 25.837, 2.0, 26.826, 27.82, 1.0, 28.238, 29.076, 2.0, 30.113, 31.231, 1.0, 31.83, 32.61, 2.0, 33.628, 34.535, 1.0, 35.331, 36.435, 2.0, 37.531, 38.558, 1.0, 39.415, 40.364, 2.0, 41.349, 42.289, 1.0, 43.04, 43.902, 2.0, 44.965, 45.712, 1.0, 46.681, 47.514, 2.0, 48.483, 49.488, 1.0, 50.909, 51.865, 2.0"
Train 20_1.345.wav,"2.409, 3.771, 1.0, 4.366, 5.545, 2.0, 7.262, 8.499, 1.0, 9.414, 10.788, 2.0, 12.448, 13.901, 1.0, 14.657, 16.214, 2.0, 17.747, 19.201, 1.0, 20.014, 21.273, 2.0, 22.761, 23.814, 1.0, 24.545, 25.505, 2.0, 26.79, 28.075, 1.0, 28.628, 29.71, 2.0, 31.426, 32.645, 1.0, 33.011, 34.06, 2.0, 37.086, 38.468, 1.0, 38.769, 39.842, 2.0, 41.485, 42.77, 1.0, 43.364, 44.388, 2.0, 46.348, 47.365, 1.0, 48.032, 48.78, 2.0, 50.805, 51.756, 1.0, 52.513, 53.553, 2.0, 55.473, 56.587, 1.0, 57.237, 57.912, 2.0, 61.264, 63.101, 1.0, 63.783, 65.88, 2.0"
Train 21_1.345.WAV,"5.695, 7.183, 1.0, 7.634, 9.095, 2.0, 10.729, 11.916, 1.0, 12.909, 13.998, 2.0, 15.869, 16.934, 1.0, 18.154, 19.008, 2.0, 20.764, 21.854, 1.0, 22.919, 24.212, 2.0, 25.644, 26.888, 1.0, 27.612, 28.856, 2.0, 30.791, 31.792, 1.0, 32.629, 33.703, 2.0, 35.321, 36.443, 1.0, 37.141, 38.122, 2.0, 39.966, 41.008, 1.0, 41.907, 42.699, 2.0, 44.485, 45.486, 1.0, 46.562, 47.748, 2.0, 49.332, 50.408, 1.0, 50.925, 51.803, 2.0, 53.552, 54.556, 1.0, 55.255, 56.202, 2.0, 58.537, 59.837, 1.0, 60.443, 61.726, 2.0, 63.309, 64.412, 1.0, 65.135, 66.157, 2.0, 67.44, 68.578, 1.0, 69.37, 70.635, 2.0"
Train 1_mono_16000_1.345.wav,"1.837, 2.532, 1.0, 3.333, 4.119, 2.0, 5.111, 5.663, 1.0, 6.458, 7.055, 2.0, 8.1, 8.714, 1.0, 9.196, 9.845, 2.0, 11.006, 11.533, 1.0, 11.965, 12.686, 2.0, 13.667, 14.199, 1.0, 14.65, 15.428, 2.0, 16.778, 17.352, 1.0, 18.252, 19.071, 2.0, 20.176, 20.79, 1.0, 21.937, 22.633, 2.0, 24.188, 24.802, 1.0, 25.498, 26.235, 2.0, 27.258, 27.832, 1.0, 28.528, 29.264, 2.0, 30.718, 31.107, 1.0, 31.659, 32.376, 2.0, 33.849, 34.525, 1.0, 35.282, 36.06, 2.0, 37.165, 37.575, 1.0, 38.434, 39.212, 2.0, 40.399, 40.973, 1.0, 41.515, 42.201, 2.0"
Train 2_mono_16000_1.345.wav,"1.736, 3.057, 1.0, 3.47, 4.97, 2.0, 5.806, 6.452, 1.0, 7.067, 8.044, 2.0, 8.945, 9.621, 1.0, 10.116, 10.627, 2.0, 12.144, 12.805, 1.0, 13.045, 13.901, 2.0, 14.802, 15.403, 1.0, 15.595, 16.385, 2.0, 17.595, 18.47, 1.0, 18.845, 19.443, 2.0, 20.51, 21.47, 1.0, 21.681, 22.567, 2.0, 23.47, 24.189, 1.0, 24.43, 25.22, 2.0, 26.172, 26.923, 1.0, 27.178, 27.989, 2.0, 29.251, 29.987, 1.0, 30.47, 31.369, 2.0, 32.044, 32.615, 1.0, 33.126, 33.817, 2.0, 34.613, 35.47, 1.0, 35.814, 36.79, 2.0"
Train 3_mono_16000_1.345.wav,"2.039, 2.727, 1.0, 3.158, 3.948, 2.0, 4.983, 5.744, 1.0, 6.104, 6.845, 2.0, 7.866, 8.394, 1.0, 8.845, 9.802, 2.0, 11.064, 11.611, 1.0, 12.112, 12.746, 2.0, 13.58, 14.22, 1.0, 14.862, 15.309, 2.0, 16.243, 16.651, 1.0, 17.124, 17.585, 2.0, 18.453, 18.907, 1.0, 19.227, 19.941, 2.0, 20.836, 21.196, 1.0, 21.65, 22.231, 2.0, 23.239, 23.866, 1.0, 24.207, 24.714, 2.0, 25.532, 26.196, 1.0, 26.683, 27.424, 2.0"
Train 4_mono_16000_1.345.wav,"1.759, 2.546, 1.0, 2.987, 4.549, 2.0, 5.263, 6.118, 1.0, 6.858, 7.933, 2.0, 8.828, 9.448, 1.0, 10.196, 11.431, 2.0, 12.47, 13.158, 1.0, 13.727, 14.47, 2.0, 15.603, 16.31, 1.0, 17.371, 18.359, 2.0, 19.834, 20.482, 1.0, 21.129, 21.824, 2.0, 22.818, 23.325, 1.0, 24.02, 24.58, 2.0, 25.995, 26.657, 1.0, 27.184, 28.095, 2.0, 29.053, 29.667, 1.0, 30.361, 31.055, 2.0, 32.023, 32.595, 1.0, 33.111, 33.97, 2.0, 35.047, 35.36, 1.0, 35.961, 36.615, 2.0, 38.158, 38.771, 1.0, 39.025, 39.533, 2.0, 40.553, 41.228, 1.0, 41.461, 42.082, 2.0, 43.15, 43.658, 1.0, 44.004, 44.595, 2.0, 45.359, 46.007, 1.0, 46.408, 47.142, 2.0, 48.183, 48.89, 1.0, 49.364, 49.885, 2.0, 50.92, 51.7, 1.0, 51.961, 52.435, 2.0"
Train 6_mono_16000_1.345.WAV,"1.458, 1.97, 1.0, 2.372, 3.127, 2.0, 3.702, 4.162, 1.0, 4.62, 5.391, 2.0, 6.094, 6.595, 1.0, 6.901, 7.638, 2.0, 8.375, 10.024, 1.0, 10.443, 11.565, 2.0"
Train 7_mono_16000_1.345.WAV,"2.172, 2.564, 1.0, 2.855, 3.586, 2.0, 4.641, 5.305, 1.0, 6.052, 6.763, 1.0, 7.836, 8.744, 1.0, 9.205, 10.002, 2.0, 10.875, 11.306, 1.0, 12.025, 12.808, 2.0, 13.527, 14.363, 1.0, 14.749, 15.531, 2.0"
Train 8_mono_16000_1.345.wav,"2.345, 3.022, 2.0, 3.345, 4.281, 1.0, 4.34, 5.1, 2.0"
Train 9_mono_16000_1.345.WAV,"1.375, 2.901, 1.0, 3.146, 4.572, 2.0, 5.316, 6.371, 1.0, 6.749, 7.878, 2.0, 8.591, 9.696, 1.0, 10.147, 11.334, 2.0"
Train 10_mono_16000_2.1.wav,"2.829, 3.5, 1.0, 4.261, 5.339, 2.0, 5.975, 6.693, 1.0, 7.35, 8.241, 2.0, 8.928, 9.725, 1.0, 10.37, 11.701, 2.0, 12.058, 12.874, 1.0, 13.314, 14.041, 2.0, 14.906, 15.503, 1.0, 16.285, 16.85, 2.0, 17.781, 18.111, 1.0, 19.38, 20.121, 2.0, 21.034, 21.748, 1.0, 22.503, 23.225, 2.0"
Train 11_mono_16000_2.1.wav,"2.85, 4.378, 1.0, 4.6, 5.6, 2.0, 6.327, 6.953, 1.0, 7.725, 8.35, 2.0, 9.491, 10.225, 1.0, 10.925, 11.619, 2.0, 12.586, 13.54, 1.0, 14.034, 14.892, 2.0, 15.407, 15.975, 1.0, 16.683, 17.445, 2.0"
Train 12_mono_16000_2.1.WAV,"2.313, 3.677, 1.0, 3.927, 5.571, 2.0, 5.961, 7.517, 1.0, 8.145, 9.615, 2.0, 10.295, 11.887, 1.0, 12.475, 14.51, 2.0"
Train 13_mono_16000_2.1.wav,"2.575, 3.32, 1.0, 3.52, 4.433, 2.0, 5.0, 5.85, 1.0, 6.142, 6.789, 2.0, 7.63, 8.225, 1.0, 8.517, 9.208, 2.0, 9.975, 10.688, 1.0, 10.975, 11.871, 2.0, 12.512, 13.2, 1.0, 13.507, 14.308, 2.0, 15.13, 16.078, 1.0, 16.725, 17.808, 2.0, 18.549, 19.317, 1.0, 19.517, 20.312, 2.0, 21.14, 21.861, 1.0, 22.008, 22.71, 2.0, 23.511, 24.162, 1.0, 24.319, 24.912, 2.0, 25.787, 26.496, 1.0, 26.623, 27.191, 2.0, 28.179, 28.76, 1.0, 29.014, 29.769, 2.0, 30.37, 30.984, 1.0, 31.238, 31.832, 2.0, 32.62, 33.308, 1.0, 33.537, 34.123, 2.0, 34.891, 35.512, 1.0, 35.788, 36.467, 2.0, 37.215, 37.956, 1.0, 38.11, 38.913, 2.0, 39.413, 40.174, 1.0, 40.381, 41.049, 2.0, 41.61, 42.244, 1.0, 42.511, 43.259, 2.0, 43.74, 44.468, 1.0, 44.975, 45.85, 2.0, 46.465, 47.066, 1.0, 47.493, 48.381, 2.0, 48.942, 49.503, 1.0, 49.897, 50.6, 2.0, 51.333, 52.021, 1.0, 52.841, 53.504, 2.0, 54.182, 54.543, 1.0, 54.6, 55.121, 2.0, 56.046, 56.422, 1.0, 56.85, 57.404, 2.0, 58.272, 58.646, 1.0, 59.12, 59.663, 2.0, 60.63, 60.913, 1.0, 61.304, 61.965, 2.0, 62.7, 63.225, 1.0, 63.555, 64.45, 2.0, 64.897, 65.371, 1.0, 65.772, 66.475, 2.0, 67.195, 68.35, 1.0, 68.65, 69.398, 2.0, 70.554, 71.6, 1.0, 72.038, 73.325, 2.0, 73.926, 75.142, 1.0, 75.413, 76.498, 2.0, 77.192, 78.027, 1.0, 78.381, 79.49, 2.0, 80.071, 80.859, 1.0, 81.233, 82.014, 2.0, 82.695, 83.31, 1.0, 83.583, 84.485, 2.0, 85.288, 85.741, 1.0, 86.081, 86.702, 2.0, 87.737, 88.131, 1.0, 88.619, 89.253, 2.0, 90.202, 90.93, 1.0, 91.738, 92.725, 2.0, 93.214, 94.069, 1.0, 94.696, 95.663, 2.0, 96.426, 97.374, 1.0, 97.875, 98.777, 2.0, 100.446, 101.148, 1.0, 101.663, 102.677, 2.0, 103.305, 104.038, 1.0, 104.307, 105.128, 2.0, 106.07, 106.684, 1.0, 107.018, 107.839, 2.0, 108.574, 109.195, 1.0, 109.456, 110.204, 2.0, 110.913, 111.452, 1.0, 111.85, 112.461, 2.0, 113.276, 113.77, 1.0, 114.163, 114.725, 2.0, 115.553, 116.225, 1.0, 116.548, 117.116, 2.0, 117.643, 118.772, 1.0, 119.146, 119.874, 2.0, 120.742, 121.517, 1.0, 122.131, 122.779, 2.0"
Train 14_mono_16000_2.1.wav,"2.576, 3.441, 1.0, 3.926, 4.809, 2.0, 5.752, 6.323, 1.0, 6.99, 7.669, 2.0, 8.616, 9.116, 1.0, 9.835, 10.369, 2.0, 11.935, 12.608, 1.0, 13.319, 14.047, 2.0, 15.081, 15.607, 1.0, 16.281, 16.927, 2.0, 18.331, 18.774, 1.0, 19.301, 19.854, 2.0, 20.524, 20.739, 1.0, 22.028, 22.559, 2.0, 23.823, 24.299, 1.0, 24.818, 25.579, 2.0, 27.412, 28.142, 1.0, 28.877, 29.537, 2.0, 31.828, 32.46, 1.0, 33.455, 34.208, 2.0, 36.32, 37.133, 1.0, 38.163, 38.925, 2.0, 40.015, 40.777, 1.0, 41.876, 42.538, 2.0, 43.892, 44.455, 1.0, 45.6, 46.475, 2.0, 47.588, 48.393, 1.0, 49.189, 50.163, 2.0, 51.127, 51.889, 1.0, 52.663, 53.475, 2.0, 54.399, 55.126, 1.0"
Train 16(edit)_2.1.WAV,"2.6, 4.022, 1.0, 4.553, 6.292, 2.0, 8.475, 9.494, 1.0, 10.462, 11.495, 2.0, 15.294, 16.319, 2.0, 19.475, 20.646, 2.0, 22.208, 22.725, 1.0, 23.306, 24.575, 2.0, 26.047, 26.373, 1.0, 27.225, 28.6, 2.0, 29.439, 29.862, 1.0, 30.6, 31.489, 2.0, 32.148, 32.872, 1.0, 33.475, 34.092, 2.0, 34.914, 35.613, 1.0, 36.361, 37.557, 2.0, 38.118, 38.725, 1.0, 39.298, 40.445, 2.0, 41.234, 41.746, 1.0, 43.088, 44.146, 2.0, 45.179, 46.074, 1.0, 47.009, 48.058, 2.0, 48.953, 49.637, 1.0, 51.076, 51.914, 2.0, 53.321, 54.151, 1.0, 54.688, 55.363, 2.0, 57.527, 58.186, 1.0, 58.725, 59.52, 2.0"
Train 17_2.1.wav,"2.161, 2.953, 1.0, 3.089, 3.843, 2.0, 4.531, 5.165, 1.0, 5.304, 5.857, 2.0, 6.702, 7.833, 1.0, 8.134, 9.459, 2.0, 9.955, 10.947, 1.0, 11.061, 11.655, 2.0, 12.11, 13.077, 1.0, 13.355, 14.46, 2.0, 14.989, 15.81, 1.0, 16.404, 17.41, 2.0, 18.407, 19.208, 1.0, 19.754, 20.747, 2.0, 21.375, 22.221, 1.0, 22.623, 23.616, 2.0, 24.716, 25.866, 1.0, 26.522, 27.544, 2.0, 28.956, 29.929, 1.0, 30.861, 31.916, 2.0, 33.094, 33.993, 1.0, 35.212, 36.402, 2.0, 37.223, 37.979, 1.0, 38.623, 39.619, 2.0, 40.0, 40.659, 1.0, 41.439, 42.254, 2.0, 42.675, 43.317, 1.0, 43.929, 44.813, 2.0, 45.073, 45.859, 1.0, 46.148, 47.17, 2.0, 47.332, 48.176, 1.0, 48.303, 49.441, 2.0, 49.689, 50.452, 1.0, 50.804, 51.74, 2.0, 52.775, 53.3, 1.0, 53.578, 54.352, 2.0, 54.924, 55.432, 1.0, 55.733, 56.368, 2.0, 57.079, 57.657, 1.0, 57.847, 58.5, 2.0, 59.269, 59.788, 1.0, 59.985, 60.551, 2.0, 61.377, 61.828, 1.0, 62.105, 62.625, 2.0, 63.607, 64.11, 1.0, 64.457, 64.827, 2.0, 65.503, 66.375, 1.0, 66.733, 67.681, 2.0, 68.357, 68.986, 1.0, 69.252, 70.021, 2.0, 70.754, 71.188, 1.0, 71.644, 72.233, 2.0, 73.112, 73.678, 1.0, 74.342, 74.903, 2.0, 76.156, 76.832, 1.0, 77.78, 78.635, 2.0, 79.663, 80.622, 1.0, 81.212, 82.101, 2.0, 83.633, 84.482, 1.0, 85.239, 86.094, 2.0, 87.087, 87.688, 1.0, 88.174, 88.884, 2.0, 90.098, 90.635, 1.0, 91.155, 91.923, 2.0, 92.958, 93.668, 1.0, 94.049, 94.87, 2.0, 96.095, 96.724, 1.0, 97.065, 97.88, 2.0, 98.972, 99.521, 1.0, 100.0, 100.59, 2.0, 101.572, 102.115, 1.0, 102.41, 103.068, 2.0, 104.247, 104.692, 1.0, 105.062, 105.506, 2.0, 106.829, 107.332, 1.0, 107.708, 108.141, 2.0, 109.66, 110.111, 1.0, 110.7, 111.388, 2.0, 112.11, 112.665, 1.0, 112.988, 113.739, 2.0, 114.508, 114.982, 1.0, 115.334, 116.01, 2.0, 116.773, 117.264, 1.0, 117.576, 118.142, 2.0"
Train 18_2.1.WAV,"2.482, 3.75, 1.0, 4.116, 5.914, 2.0, 6.523, 7.93, 1.0, 8.516, 9.98, 2.0, 10.825, 11.948, 1.0, 12.81, 14.095, 2.0, 15.127, 16.746, 1.0, 17.689, 19.055, 2.0, 20.039, 21.503, 1.0, 22.755, 24.32, 2.0, 25.553, 27.155, 1.0, 28.261, 29.497, 2.0, 30.709, 32.172, 1.0, 33.148, 34.45, 2.0, 35.515, 36.596, 1.0, 37.507, 38.638, 2.0, 39.833, 40.817, 1.0, 41.655, 42.72, 2.0, 43.663, 44.899, 1.0, 45.623, 46.632, 2.0"
Train 19_2.1.WAV,"2.363, 3.344, 1.0, 4.116, 5.621, 2.0, 6.507, 8.548, 1.0, 8.89, 10.785, 2.0, 11.289, 12.826, 1.0, 13.908, 15.282, 2.0, 16.111, 17.437, 1.0, 18.144, 19.348, 2.0, 20.397, 21.755, 1.0, 22.126, 23.111, 2.0, 24.01, 24.995, 1.0, 25.587, 26.592, 2.0, 27.581, 28.575, 1.0, 28.993, 29.831, 2.0, 30.868, 31.986, 1.0, 32.585, 33.365, 2.0, 34.383, 35.29, 1.0, 36.086, 37.19, 2.0, 38.286, 39.313, 1.0, 40.17, 41.119, 2.0, 42.104, 43.044, 1.0, 43.795, 44.657, 2.0, 45.72, 46.467, 1.0, 47.436, 48.269, 2.0, 49.238, 50.243, 1.0, 51.664, 52.62, 2.0"
Train 20_2.1.wav,"3.164, 4.526, 1.0, 5.121, 6.3, 2.0, 8.017, 9.254, 1.0, 10.169, 11.543, 2.0, 13.203, 14.656, 1.0, 15.412, 16.969, 2.0, 18.502, 19.956, 1.0, 20.769, 22.028, 2.0, 23.516, 24.569, 1.0, 25.3, 26.26, 2.0, 27.545, 28.83, 1.0, 29.383, 30.465, 2.0, 32.181, 33.4, 1.0, 33.766, 34.815, 2.0, 37.841, 39.223, 1.0, 39.524, 40.597, 2.0, 42.24, 43.525, 1.0, 44.119, 45.143, 2.0, 47.103, 48.12, 1.0, 48.787, 49.535, 2.0, 51.56, 52.511, 1.0, 53.268, 54.308, 2.0, 56.228, 57.342, 1.0, 57.992, 58.667, 2.0, 62.019, 63.856, 1.0, 64.538, 66.635, 2.0"
Train 21_2.1.WAV,"6.45, 7.938, 1.0, 8.389, 9.85, 2.0, 11.484, 12.671, 1.0, 13.664, 14.753, 2.0, 16.624, 17.689, 1.0, 18.909, 19.763, 2.0, 21.519, 22.609, 1.0, 23.674, 24.967, 2.0, 26.399, 27.643, 1.0, 28.367, 29.611, 2.0, 31.546, 32.547, 1.0, 33.384, 34.458, 2.0, 36.076, 37.198, 1.0, 37.896, 38.877, 2.0, 40.721, 41.763, 1.0, 42.662, 43.454, 2.0, 45.24, 46.241, 1.0, 47.317, 48.503, 2.0, 50.087, 51.163, 1.0, 51.68, 52.558, 2.0, 54.307, 55.311, 1.0, 56.01, 56.957, 2.0, 59.292, 60.592, 1.0, 61.198, 62.481, 2.0, 64.064, 65.167, 1.0, 65.89, 66.912, 2.0, 68.195, 69.333, 1.0, 70.125, 71.39, 2.0"
Train 1_mono_16000_2.1.wav,"2.592, 3.287, 1.0, 4.088, 4.874, 2.0, 5.866, 6.418, 1.0, 7.213, 7.81, 2.0, 8.855, 9.469, 1.0, 9.951, 10.6, 2.0, 11.761, 12.288, 1.0, 12.72, 13.441, 2.0, 14.422, 14.954, 1.0, 15.405, 16.183, 2.0, 17.533, 18.107, 1.0, 19.007, 19.826, 2.0, 20.931, 21.545, 1.0, 22.692, 23.388, 2.0, 24.943, 25.557, 1.0, 26.253, 26.99, 2.0, 28.013, 28.587, 1.0, 29.283, 30.019, 2.0, 31.473, 31.862, 1.0, 32.414, 33.131, 2.0, 34.604, 35.28, 1.0, 36.037, 36.815, 2.0, 37.92, 38.33, 1.0, 39.189, 39.967, 2.0, 41.154, 41.728, 1.0, 42.27, 42.956, 2.0"
Train 2_mono_16000_2.1.wav,"2.491, 3.812, 1.0, 4.225, 5.725, 2.0, 6.561, 7.207, 1.0, 7.822, 8.799, 2.0, 9.7, 10.376, 1.0, 10.871, 11.382, 2.0, 12.899, 13.56, 1.0, 13.8, 14.656, 2.0, 15.557, 16.158, 1.0, 16.35, 17.14, 2.0, 18.35, 19.225, 1.0, 19.6, 20.198, 2.0, 21.265, 22.225, 1.0, 22.436, 23.322, 2.0, 24.225, 24.944, 1.0, 25.185, 25.975, 2.0, 26.927, 27.678, 1.0, 27.933, 28.744, 2.0, 30.006, 30.742, 1.0, 31.225, 32.124, 2.0, 32.799, 33.37, 1.0, 33.881, 34.572, 2.0, 35.368, 36.225, 1.0, 36.569, 37.545, 2.0"
Train 3_mono_16000_2.1.wav,"2.794, 3.482, 1.0, 3.913, 4.703, 2.0, 5.738, 6.499, 1.0, 6.859, 7.6, 2.0, 8.621, 9.149, 1.0, 9.6, 10.557, 2.0, 11.819, 12.366, 1.0, 12.867, 13.501, 2.0, 14.335, 14.975, 1.0, 15.617, 16.064, 2.0, 16.998, 17.406, 1.0, 17.879, 18.34, 2.0, 19.208, 19.662, 1.0, 19.982, 20.696, 2.0, 21.591, 21.951, 1.0, 22.405, 22.986, 2.0, 23.994, 24.621, 1.0, 24.962, 25.469, 2.0, 26.287, 26.951, 1.0, 27.438, 28.179, 2.0"
Train 4_mono_16000_2.1.wav,"2.514, 3.301, 1.0, 3.742, 5.304, 2.0, 6.018, 6.873, 1.0, 7.613, 8.688, 2.0, 9.583, 10.203, 1.0, 10.951, 12.186, 2.0, 13.225, 13.913, 1.0, 14.482, 15.225, 2.0, 16.358, 17.065, 1.0, 18.126, 19.114, 2.0, 20.589, 21.237, 1.0, 21.884, 22.579, 2.0, 23.573, 24.08, 1.0, 24.775, 25.335, 2.0, 26.75, 27.412, 1.0, 27.939, 28.85, 2.0, 29.808, 30.422, 1.0, 31.116, 31.81, 2.0, 32.778, 33.35, 1.0, 33.866, 34.725, 2.0, 35.802, 36.115, 1.0, 36.716, 37.37, 2.0, 38.913, 39.526, 1.0, 39.78, 40.288, 2.0, 41.308, 41.983, 1.0, 42.216, 42.837, 2.0, 43.905, 44.413, 1.0, 44.759, 45.35, 2.0, 46.114, 46.762, 1.0, 47.163, 47.897, 2.0, 48.938, 49.645, 1.0, 50.119, 50.64, 2.0, 51.675, 52.455, 1.0, 52.716, 53.19, 2.0"
Train 6_mono_16000_2.1.WAV,"2.213, 2.725, 1.0, 3.127, 3.882, 2.0, 4.457, 4.917, 1.0, 5.375, 6.146, 2.0, 6.849, 7.35, 1.0, 7.656, 8.393, 2.0, 9.13, 10.779, 1.0, 11.198, 12.32, 2.0"
Train 7_mono_16000_2.1.WAV,"2.927, 3.319, 1.0, 3.61, 4.341, 2.0, 5.396, 6.06, 1.0, 6.807, 7.518, 1.0, 8.591, 9.499, 1.0, 9.96, 10.757, 2.0, 11.63, 12.061, 1.0, 12.78, 13.563, 2.0, 14.282, 15.118, 1.0, 15.504, 16.286, 2.0"
Train 8_mono_16000_2.1.wav,"3.1, 3.777, 2.0, 4.1, 5.036, 1.0, 5.095, 5.855, 2.0"
Train 9_mono_16000_2.1.WAV,"2.13, 3.656, 1.0, 3.901, 5.327, 2.0, 6.071, 7.126, 1.0, 7.504, 8.633, 2.0, 9.346, 10.451, 1.0, 10.902, 12.089, 2.0"
Train 10_mono_16000_1.345_2.1.wav,"4.174, 4.845, 1.0, 5.606, 6.684, 2.0, 7.32, 8.038, 1.0, 8.695, 9.586, 2.0, 10.273, 11.07, 1.0, 11.715, 13.046, 2.0, 13.403, 14.219, 1.0, 14.659, 15.386, 2.0, 16.251, 16.848, 1.0, 17.63, 18.195, 2.0, 19.126, 19.456, 1.0, 20.725, 21.466, 2.0, 22.379, 23.093, 1.0, 23.848, 24.57, 2.0"
Train 11_mono_16000_1.345_2.1.wav,"4.195, 5.723, 1.0, 5.945, 6.945, 2.0, 7.672, 8.298, 1.0, 9.07, 9.695, 2.0, 10.836, 11.57, 1.0, 12.27, 12.964, 2.0, 13.931, 14.885, 1.0, 15.379, 16.237, 2.0, 16.752, 17.32, 1.0, 18.028, 18.79, 2.0"
Train 12_mono_16000_1.345_2.1.WAV,"3.658, 5.022, 1.0, 5.272, 6.916, 2.0, 7.306, 8.862, 1.0, 9.49, 10.96, 2.0, 11.64, 13.232, 1.0, 13.82, 15.855, 2.0"
Train 13_mono_16000_1.345_2.1.wav,"3.92, 4.665, 1.0, 4.865, 5.778, 2.0, 6.345, 7.195, 1.0, 7.487, 8.134, 2.0, 8.975, 9.57, 1.0, 9.862, 10.553, 2.0, 11.32, 12.033, 1.0, 12.32, 13.216, 2.0, 13.857, 14.545, 1.0, 14.852, 15.653, 2.0, 16.475, 17.423, 1.0, 18.07, 19.153, 2.0, 19.894, 20.662, 1.0, 20.862, 21.657, 2.0, 22.485, 23.206, 1.0, 23.353, 24.055, 2.0, 24.856, 25.507, 1.0, 25.664, 26.257, 2.0, 27.132, 27.841, 1.0, 27.968, 28.536, 2.0, 29.524, 30.105, 1.0, 30.359, 31.114, 2.0, 31.715, 32.329, 1.0, 32.583, 33.177, 2.0, 33.965, 34.653, 1.0, 34.882, 35.468, 2.0, 36.236, 36.857, 1.0, 37.133, 37.812, 2.0, 38.56, 39.301, 1.0, 39.455, 40.258, 2.0, 40.758, 41.519, 1.0, 41.726, 42.394, 2.0, 42.955, 43.589, 1.0, 43.856, 44.604, 2.0, 45.085, 45.813, 1.0, 46.32, 47.195, 2.0, 47.81, 48.411, 1.0, 48.838, 49.726, 2.0, 50.287, 50.848, 1.0, 51.242, 51.945, 2.0, 52.678, 53.366, 1.0, 54.186, 54.849, 2.0, 55.527, 55.888, 1.0, 55.945, 56.466, 2.0, 57.391, 57.767, 1.0, 58.195, 58.749, 2.0, 59.617, 59.991, 1.0, 60.465, 61.008, 2.0, 61.975, 62.258, 1.0, 62.649, 63.31, 2.0, 64.045, 64.57, 1.0, 64.9, 65.795, 2.0, 66.242, 66.716, 1.0, 67.117, 67.82, 2.0, 68.54, 69.695, 1.0, 69.995, 70.743, 2.0, 71.899, 72.945, 1.0, 73.383, 74.67, 2.0, 75.271, 76.487, 1.0, 76.758, 77.843, 2.0, 78.537, 79.372, 1.0, 79.726, 80.835, 2.0, 81.416, 82.204, 1.0, 82.578, 83.359, 2.0, 84.04, 84.655, 1.0, 84.928, 85.83, 2.0, 86.633, 87.086, 1.0, 87.426, 88.047, 2.0, 89.082, 89.476, 1.0, 89.964, 90.598, 2.0, 91.547, 92.275, 1.0, 93.083, 94.07, 2.0, 94.559, 95.414, 1.0, 96.041, 97.008, 2.0, 97.771, 98.719, 1.0, 99.22, 100.122, 2.0, 101.791, 102.493, 1.0, 103.008, 104.022, 2.0, 104.65, 105.383, 1.0, 105.652, 106.473, 2.0, 107.415, 108.029, 1.0, 108.363, 109.184, 2.0, 109.919, 110.54, 1.0, 110.801, 111.549, 2.0, 112.258, 112.797, 1.0, 113.195, 113.806, 2.0, 114.621, 115.115, 1.0, 115.508, 116.07, 2.0, 116.898, 117.57, 1.0, 117.893, 118.461, 2.0, 118.988, 120.117, 1.0, 120.491, 121.219, 2.0, 122.087, 122.862, 1.0, 123.476, 124.124, 2.0"
Train 14_mono_16000_1.345_2.1.wav,"3.921, 4.786, 1.0, 5.271, 6.154, 2.0, 7.097, 7.668, 1.0, 8.335, 9.014, 2.0, 9.961, 10.461, 1.0, 11.18, 11.714, 2.0, 13.28, 13.953, 1.0, 14.664, 15.392, 2.0, 16.426, 16.952, 1.0, 17.626, 18.272, 2.0, 19.676, 20.119, 1.0, 20.646, 21.199, 2.0, 21.869, 22.084, 1.0, 23.373, 23.904, 2.0, 25.168, 25.644, 1.0, 26.163, 26.924, 2.0, 28.757, 29.487, 1.0, 30.222, 30.882, 2.0, 33.173, 33.805, 1.0, 34.8, 35.553, 2.0, 37.665, 38.478, 1.0, 39.508, 40.27, 2.0, 41.36, 42.122, 1.0, 43.221, 43.883, 2.0, 45.237, 45.8, 1.0, 46.945, 47.82, 2.0, 48.933, 49.738, 1.0, 50.534, 51.508, 2.0, 52.472, 53.234, 1.0, 54.008, 54.82, 2.0, 55.744, 56.471, 1.0"
Train 16(edit)_1.345_2.1.WAV,"3.945, 5.367, 1.0, 5.898, 7.637, 2.0, 9.82, 10.839, 1.0, 11.807, 12.84, 2.0, 16.639, 17.664, 2.0, 20.82, 21.991, 2.0, 23.553, 24.07, 1.0, 24.651, 25.92, 2.0, 27.392, 27.718, 1.0, 28.57, 29.945, 2.0, 30.784, 31.207, 1.0, 31.945, 32.834, 2.0, 33.493, 34.217, 1.0, 34.82, 35.437, 2.0, 36.259, 36.958, 1.0, 37.706, 38.902, 2.0, 39.463, 40.07, 1.0, 40.643, 41.79, 2.0, 42.579, 43.091, 1.0, 44.433, 45.491, 2.0, 46.524, 47.419, 1.0, 48.354, 49.403, 2.0, 50.298, 50.982, 1.0, 52.421, 53.259, 2.0, 54.666, 55.496, 1.0, 56.033, 56.708, 2.0, 58.872, 59.531, 1.0, 60.07, 60.865, 2.0"
Train 17_1.345_2.1.wav,"3.506, 4.298, 1.0, 4.434, 5.188, 2.0, 5.876, 6.51, 1.0, 6.649, 7.202, 2.0, 8.047, 9.178, 1.0, 9.479, 10.804, 2.0, 11.3, 12.292, 1.0, 12.406, 13.0, 2.0, 13.455, 14.422, 1.0, 14.7, 15.805, 2.0, 16.334, 17.155, 1.0, 17.749, 18.755, 2.0, 19.752, 20.553, 1.0, 21.099, 22.092, 2.0, 22.72, 23.566, 1.0, 23.968, 24.961, 2.0, 26.061, 27.211, 1.0, 27.867, 28.889, 2.0, 30.301, 31.274, 1.0, 32.206, 33.261, 2.0, 34.439, 35.338, 1.0, 36.557, 37.747, 2.0, 38.568, 39.324, 1.0, 39.968, 40.964, 2.0, 41.345, 42.004, 1.0, 42.784, 43.599, 2.0, 44.02, 44.662, 1.0, 45.274, 46.158, 2.0, 46.418, 47.204, 1.0, 47.493, 48.515, 2.0, 48.677, 49.521, 1.0, 49.648, 50.786, 2.0, 51.034, 51.797, 1.0, 52.149, 53.085, 2.0, 54.12, 54.645, 1.0, 54.923, 55.697, 2.0, 56.269, 56.777, 1.0, 57.078, 57.713, 2.0, 58.424, 59.002, 1.0, 59.192, 59.845, 2.0, 60.614, 61.133, 1.0, 61.33, 61.896, 2.0, 62.722, 63.173, 1.0, 63.45, 63.97, 2.0, 64.952, 65.455, 1.0, 65.802, 66.172, 2.0, 66.848, 67.72, 1.0, 68.078, 69.026, 2.0, 69.702, 70.331, 1.0, 70.597, 71.366, 2.0, 72.099, 72.533, 1.0, 72.989, 73.578, 2.0, 74.457, 75.023, 1.0, 75.687, 76.248, 2.0, 77.501, 78.177, 1.0, 79.125, 79.98, 2.0, 81.008, 81.967, 1.0, 82.557, 83.446, 2.0, 84.978, 85.827, 1.0, 86.584, 87.439, 2.0, 88.432, 89.033, 1.0, 89.519, 90.229, 2.0, 91.443, 91.98, 1.0, 92.5, 93.268, 2.0, 94.303, 95.013, 1.0, 95.394, 96.215, 2.0, 97.44, 98.069, 1.0, 98.41, 99.225, 2.0, 100.317, 100.866, 1.0, 101.345, 101.935, 2.0, 102.917, 103.46, 1.0, 103.755, 104.413, 2.0, 105.592, 106.037, 1.0, 106.407, 106.851, 2.0, 108.174, 108.677, 1.0, 109.053, 109.486, 2.0, 111.005, 111.456, 1.0, 112.045, 112.733, 2.0, 113.455, 114.01, 1.0, 114.333, 115.084, 2.0, 115.853, 116.327, 1.0, 116.679, 117.355, 2.0, 118.118, 118.609, 1.0, 118.921, 119.487, 2.0"
Train 18_1.345_2.1.WAV,"3.827, 5.095, 1.0, 5.461, 7.259, 2.0, 7.868, 9.275, 1.0, 9.861, 11.325, 2.0, 12.17, 13.293, 1.0, 14.155, 15.44, 2.0, 16.472, 18.091, 1.0, 19.034, 20.4, 2.0, 21.384, 22.848, 1.0, 24.1, 25.665, 2.0, 26.898, 28.5, 1.0, 29.606, 30.842, 2.0, 32.054, 33.517, 1.0, 34.493, 35.795, 2.0, 36.86, 37.941, 1.0, 38.852, 39.983, 2.0, 41.178, 42.162, 1.0, 43.0, 44.065, 2.0, 45.008, 46.244, 1.0, 46.968, 47.977, 2.0"
Train 19_1.345_2.1.WAV,"3.708, 4.689, 1.0, 5.461, 6.966, 2.0, 7.852, 9.893, 1.0, 10.235, 12.13, 2.0, 12.634, 14.171, 1.0, 15.253, 16.627, 2.0, 17.456, 18.782, 1.0, 19.489, 20.693, 2.0, 21.742, 23.1, 1.0, 23.471, 24.456, 2.0, 25.355, 26.34, 1.0, 26.932, 27.937, 2.0, 28.926, 29.92, 1.0, 30.338, 31.176, 2.0, 32.213, 33.331, 1.0, 33.93, 34.71, 2.0, 35.728, 36.635, 1.0, 37.431, 38.535, 2.0, 39.631, 40.658, 1.0, 41.515, 42.464, 2.0, 43.449, 44.389, 1.0, 45.14, 46.002, 2.0, 47.065, 47.812, 1.0, 48.781, 49.614, 2.0, 50.583, 51.588, 1.0, 53.009, 53.965, 2.0"
Train 20_1.345_2.1.wav,"4.509, 5.871, 1.0, 6.466, 7.645, 2.0, 9.362, 10.599, 1.0, 11.514, 12.888, 2.0, 14.548, 16.001, 1.0, 16.757, 18.314, 2.0, 19.847, 21.301, 1.0, 22.114, 23.373, 2.0, 24.861, 25.914, 1.0, 26.645, 27.605, 2.0, 28.89, 30.175, 1.0, 30.728, 31.81, 2.0, 33.526, 34.745, 1.0, 35.111, 36.16, 2.0, 39.186, 40.568, 1.0, 40.869, 41.942, 2.0, 43.585, 44.87, 1.0, 45.464, 46.488, 2.0, 48.448, 49.465, 1.0, 50.132, 50.88, 2.0, 52.905, 53.856, 1.0, 54.613, 55.653, 2.0, 57.573, 58.687, 1.0, 59.337, 60.012, 2.0, 63.364, 65.201, 1.0, 65.883, 67.98, 2.0"
Train 21_1.345_2.1.WAV,"7.795, 9.283, 1.0, 9.734, 11.195, 2.0, 12.829, 14.016, 1.0, 15.009, 16.098, 2.0, 17.969, 19.034, 1.0, 20.254, 21.108, 2.0, 22.864, 23.954, 1.0, 25.019, 26.312, 2.0, 27.744, 28.988, 1.0, 29.712, 30.956, 2.0, 32.891, 33.892, 1.0, 34.729, 35.803, 2.0, 37.421, 38.543, 1.0, 39.241, 40.222, 2.0, 42.066, 43.108, 1.0, 44.007, 44.799, 2.0, 46.585, 47.586, 1.0, 48.662, 49.848, 2.0, 51.432, 52.508, 1.0, 53.025, 53.903, 2.0, 55.652, 56.656, 1.0, 57.355, 58.302, 2.0, 60.637, 61.937, 1.0, 62.543, 63.826, 2.0, 65.409, 66.512, 1.0, 67.235, 68.257, 2.0, 69.54, 70.678, 1.0, 71.47, 72.735, 2.0"
Train 1_mono_16000_1.345_2.1.wav,"3.937, 4.632, 1.0, 5.433, 6.219, 2.0, 7.211, 7.763, 1.0, 8.558, 9.155, 2.0, 10.2, 10.814, 1.0, 11.296, 11.945, 2.0, 13.106, 13.633, 1.0, 14.065, 14.786, 2.0, 15.767, 16.299, 1.0, 16.75, 17.528, 2.0, 18.878, 19.452, 1.0, 20.352, 21.171, 2.0, 22.276, 22.89, 1.0, 24.037, 24.733, 2.0, 26.288, 26.902, 1.0, 27.598, 28.335, 2.0, 29.358, 29.932, 1.0, 30.628, 31.364, 2.0, 32.818, 33.207, 1.0, 33.759, 34.476, 2.0, 35.949, 36.625, 1.0, 37.382, 38.16, 2.0, 39.265, 39.675, 1.0, 40.534, 41.312, 2.0, 42.499, 43.073, 1.0, 43.615, 44.301, 2.0"
Train 2_mono_16000_1.345_2.1.wav,"3.836, 5.157, 1.0, 5.57, 7.07, 2.0, 7.906, 8.552, 1.0, 9.167, 10.144, 2.0, 11.045, 11.721, 1.0, 12.216, 12.727, 2.0, 14.244, 14.905, 1.0, 15.145, 16.001, 2.0, 16.902, 17.503, 1.0, 17.695, 18.485, 2.0, 19.695, 20.57, 1.0, 20.945, 21.543, 2.0, 22.61, 23.57, 1.0, 23.781, 24.667, 2.0, 25.57, 26.289, 1.0, 26.53, 27.32, 2.0, 28.272, 29.023, 1.0, 29.278, 30.089, 2.0, 31.351, 32.087, 1.0, 32.57, 33.469, 2.0, 34.144, 34.715, 1.0, 35.226, 35.917, 2.0, 36.713, 37.57, 1.0, 37.914, 38.89, 2.0"
Train 3_mono_16000_1.345_2.1.wav,"4.139, 4.827, 1.0, 5.258, 6.048, 2.0, 7.083, 7.844, 1.0, 8.204, 8.945, 2.0, 9.966, 10.494, 1.0, 10.945, 11.902, 2.0, 13.164, 13.711, 1.0, 14.212, 14.846, 2.0, 15.68, 16.32, 1.0, 16.962, 17.409, 2.0, 18.343, 18.751, 1.0, 19.224, 19.685, 2.0, 20.553, 21.007, 1.0, 21.327, 22.041, 2.0, 22.936, 23.296, 1.0, 23.75, 24.331, 2.0, 25.339, 25.966, 1.0, 26.307, 26.814, 2.0, 27.632, 28.296, 1.0, 28.783, 29.524, 2.0"
Train 4_mono_16000_1.345_2.1.wav,"3.859, 4.646, 1.0, 5.087, 6.649, 2.0, 7.363, 8.218, 1.0, 8.958, 10.033, 2.0, 10.928, 11.548, 1.0, 12.296, 13.531, 2.0, 14.57, 15.258, 1.0, 15.827, 16.57, 2.0, 17.703, 18.41, 1.0, 19.471, 20.459, 2.0, 21.934, 22.582, 1.0, 23.229, 23.924, 2.0, 24.918, 25.425, 1.0, 26.12, 26.68, 2.0, 28.095, 28.757, 1.0, 29.284, 30.195, 2.0, 31.153, 31.767, 1.0, 32.461, 33.155, 2.0, 34.123, 34.695, 1.0, 35.211, 36.07, 2.0, 37.147, 37.46, 1.0, 38.061, 38.715, 2.0, 40.258, 40.871, 1.0, 41.125, 41.633, 2.0, 42.653, 43.328, 1.0, 43.561, 44.182, 2.0, 45.25, 45.758, 1.0, 46.104, 46.695, 2.0, 47.459, 48.107, 1.0, 48.508, 49.242, 2.0, 50.283, 50.99, 1.0, 51.464, 51.985, 2.0, 53.02, 53.8, 1.0, 54.061, 54.535, 2.0"
Train 6_mono_16000_1.345_2.1.WAV,"3.558, 4.07, 1.0, 4.472, 5.227, 2.0, 5.802, 6.262, 1.0, 6.72, 7.491, 2.0, 8.194, 8.695, 1.0, 9.001, 9.738, 2.0, 10.475, 12.124, 1.0, 12.543, 13.665, 2.0"
Train 7_mono_16000_1.345_2.1.WAV,"4.272, 4.664, 1.0, 4.955, 5.686, 2.0, 6.741, 7.405, 1.0, 8.152, 8.863, 1.0, 9.936, 10.844, 1.0, 11.305, 12.102, 2.0, 12.975, 13.406, 1.0, 14.125, 14.908, 2.0, 15.627, 16.463, 1.0, 16.849, 17.631, 2.0"
Train 8_mono_16000_1.345_2.1.wav,"4.445, 5.122, 2.0, 5.445, 6.381, 1.0, 6.44, 7.2, 2.0"
Train 9_mono_16000_1.345_2.1.WAV,"3.475, 5.001, 1.0, 5.246, 6.672, 2.0, 7.416, 8.471, 1.0, 8.849, 9.978, 2.0, 10.691, 11.796, 1.0, 12.247, 13.434, 2.0"
